Game #,Round,Away ID,Away Num,Away Abbr,Away Team,Home ID,Home Num,Home Abbr,Home Team,Matchup
1,1,832,65,BAR,"Barrie Dolts",859,63,WDY,"Woodlynne Rats","BAR @ WDY"
2,1,858,15,VHV,"Valhalla Vikings",833,49,BAY,"Baytown Thunder","VHV @ BAY"
3,1,834,58,BFC,"Betty Ford Clinic",857,29,TBP,"Thunder Bay Pike","BFC @ TBP"
4,1,856,24,TEG,"Tegucigalpa Ticklepuss",835,67,DHG,"Devil Hill Goblins","TEG @ DHG"
5,1,836,18,ETI,"Easter Island Stoneheads",855,28,TAI,"Taipei Typhoons","ETI @ TAI"
6,1,854,21,SUM,"Sumter Trash",837,25,GRH,"Grand River Herons","SUM @ GRH"
7,1,838,37,HAM,"Hamilton Mustangs",853,20,SVF,"Sugar Valley Firebirds","HAM @ SVF"
8,1,852,60,SHS,"South Hills Shindigaz",839,9,HIG,"Highland Wolf","SHS @ HIG"
9,1,840,50,ING,"Inglewood Monstars",851,66,ROC,"Rockford Villains","ING @ ROC"
10,1,850,19,RIC,"Richfield Oracles",841,14,ITA,"Italy EBC","RIC @ ITA"
11,1,842,39,MHA,"Maryhill Alumni",849,30,PRO,"Providence Sea Bass","MHA @ PRO"
12,1,848,17,PIT,"Pitt Intramurals",843,54,KAR,"Karolina Kaos","PIT @ KAR"
13,1,844,13,MHT,"Minhattrick Swayzes",847,51,OCW,"Orange County Weststars","MHT @ OCW"
14,1,846,26,NBK,"North Bay Knights",845,12,MGG,"Minnesota Golden Gophers","NBK @ MGG"
15,2,831,2,AUT,"Autobahn",859,63,WDY,"Woodlynne Rats","AUT @ WDY"
16,2,832,65,BAR,"Barrie Dolts",858,15,VHV,"Valhalla Vikings","BAR @ VHV"
17,2,857,29,TBP,"Thunder Bay Pike",833,49,BAY,"Baytown Thunder","TBP @ BAY"
18,2,834,58,BFC,"Betty Ford Clinic",856,24,TEG,"Tegucigalpa Ticklepuss","BFC @ TEG"
19,2,855,28,TAI,"Taipei Typhoons",835,67,DHG,"Devil Hill Goblins","TAI @ DHG"
20,2,836,18,ETI,"Easter Island Stoneheads",854,21,SUM,"Sumter Trash","ETI @ SUM"
21,2,853,20,SVF,"Sugar Valley Firebirds",837,25,GRH,"Grand River Herons","SVF @ GRH"
22,2,838,37,HAM,"Hamilton Mustangs",852,60,SHS,"South Hills Shindigaz","HAM @ SHS"
23,2,851,66,ROC,"Rockford Villains",839,9,HIG,"Highland Wolf","ROC @ HIG"
24,2,840,50,ING,"Inglewood Monstars",850,19,RIC,"Richfield Oracles","ING @ RIC"
25,2,849,30,PRO,"Providence Sea Bass",841,14,ITA,"Italy EBC","PRO @ ITA"
26,2,842,39,MHA,"Maryhill Alumni",848,17,PIT,"Pitt Intramurals","MHA @ PIT"
27,2,847,51,OCW,"Orange County Weststars",843,54,KAR,"Karolina Kaos","OCW @ KAR"
28,2,844,13,MHT,"Minhattrick Swayzes",846,26,NBK,"North Bay Knights","MHT @ NBK"
29,3,858,15,VHV,"Valhalla Vikings",831,2,AUT,"Autobahn","VHV @ AUT"
30,3,857,29,TBP,"Thunder Bay Pike",859,63,WDY,"Woodlynne Rats","TBP @ WDY"
31,3,833,49,BAY,"Baytown Thunder",856,24,TEG,"Tegucigalpa Ticklepuss","BAY @ TEG"
32,3,855,28,TAI,"Taipei Typhoons",834,58,BFC,"Betty Ford Clinic","TAI @ BFC"
33,3,835,67,DHG,"Devil Hill Goblins",854,21,SUM,"Sumter Trash","DHG @ SUM"
34,3,853,20,SVF,"Sugar Valley Firebirds",836,18,ETI,"Easter Island Stoneheads","SVF @ ETI"
35,3,837,25,GRH,"Grand River Herons",852,60,SHS,"South Hills Shindigaz","GRH @ SHS"
36,3,851,66,ROC,"Rockford Villains",838,37,HAM,"Hamilton Mustangs","ROC @ HAM"
37,3,839,9,HIG,"Highland Wolf",850,19,RIC,"Richfield Oracles","HIG @ RIC"
38,3,849,30,PRO,"Providence Sea Bass",840,50,ING,"Inglewood Monstars","PRO @ ING"
39,3,841,14,ITA,"Italy EBC",848,17,PIT,"Pitt Intramurals","ITA @ PIT"
40,3,847,51,OCW,"Orange County Weststars",842,39,MHA,"Maryhill Alumni","OCW @ MHA"
41,3,843,54,KAR,"Karolina Kaos",846,26,NBK,"North Bay Knights","KAR @ NBK"
42,3,845,12,MGG,"Minnesota Golden Gophers",844,13,MHT,"Minhattrick Swayzes","MGG @ MHT"
43,4,831,2,AUT,"Autobahn",857,29,TBP,"Thunder Bay Pike","AUT @ TBP"
44,4,832,65,BAR,"Barrie Dolts",856,24,TEG,"Tegucigalpa Ticklepuss","BAR @ TEG"
45,4,855,28,TAI,"Taipei Typhoons",858,15,VHV,"Valhalla Vikings","TAI @ VHV"
46,4,834,58,BFC,"Betty Ford Clinic",854,21,SUM,"Sumter Trash","BFC @ SUM"
47,4,853,20,SVF,"Sugar Valley Firebirds",835,67,DHG,"Devil Hill Goblins","SVF @ DHG"
48,4,836,18,ETI,"Easter Island Stoneheads",852,60,SHS,"South Hills Shindigaz","ETI @ SHS"
49,4,851,66,ROC,"Rockford Villains",837,25,GRH,"Grand River Herons","ROC @ GRH"
50,4,838,37,HAM,"Hamilton Mustangs",850,19,RIC,"Richfield Oracles","HAM @ RIC"
51,4,849,30,PRO,"Providence Sea Bass",839,9,HIG,"Highland Wolf","PRO @ HIG"
52,4,840,50,ING,"Inglewood Monstars",848,17,PIT,"Pitt Intramurals","ING @ PIT"
53,4,847,51,OCW,"Orange County Weststars",841,14,ITA,"Italy EBC","OCW @ ITA"
54,4,842,39,MHA,"Maryhill Alumni",846,26,NBK,"North Bay Knights","MHA @ NBK"
55,4,845,12,MGG,"Minnesota Golden Gophers",843,54,KAR,"Karolina Kaos","MGG @ KAR"
56,4,859,63,WDY,"Woodlynne Rats",844,13,MHT,"Minhattrick Swayzes","WDY @ MHT"
57,5,856,24,TEG,"Tegucigalpa Ticklepuss",831,2,AUT,"Autobahn","TEG @ AUT"
58,5,855,28,TAI,"Taipei Typhoons",857,29,TBP,"Thunder Bay Pike","TAI @ TBP"
59,5,833,49,BAY,"Baytown Thunder",854,21,SUM,"Sumter Trash","BAY @ SUM"
60,5,853,20,SVF,"Sugar Valley Firebirds",858,15,VHV,"Valhalla Vikings","SVF @ VHV"
61,5,835,67,DHG,"Devil Hill Goblins",852,60,SHS,"South Hills Shindigaz","DHG @ SHS"
62,5,851,66,ROC,"Rockford Villains",836,18,ETI,"Easter Island Stoneheads","ROC @ ETI"
63,5,837,25,GRH,"Grand River Herons",850,19,RIC,"Richfield Oracles","GRH @ RIC"
64,5,849,30,PRO,"Providence Sea Bass",838,37,HAM,"Hamilton Mustangs","PRO @ HAM"
65,5,839,9,HIG,"Highland Wolf",848,17,PIT,"Pitt Intramurals","HIG @ PIT"
66,5,847,51,OCW,"Orange County Weststars",840,50,ING,"Inglewood Monstars","OCW @ ING"
67,5,841,14,ITA,"Italy EBC",846,26,NBK,"North Bay Knights","ITA @ NBK"
68,5,845,12,MGG,"Minnesota Golden Gophers",842,39,MHA,"Maryhill Alumni","MGG @ MHA"
69,5,843,54,KAR,"Karolina Kaos",859,63,WDY,"Woodlynne Rats","KAR @ WDY"
70,5,844,13,MHT,"Minhattrick Swayzes",832,65,BAR,"Barrie Dolts","MHT @ BAR"
71,6,831,2,AUT,"Autobahn",855,28,TAI,"Taipei Typhoons","AUT @ TAI"
72,6,832,65,BAR,"Barrie Dolts",854,21,SUM,"Sumter Trash","BAR @ SUM"
73,6,853,20,SVF,"Sugar Valley Firebirds",856,24,TEG,"Tegucigalpa Ticklepuss","SVF @ TEG"
74,6,834,58,BFC,"Betty Ford Clinic",852,60,SHS,"South Hills Shindigaz","BFC @ SHS"
75,6,851,66,ROC,"Rockford Villains",857,29,TBP,"Thunder Bay Pike","ROC @ TBP"
76,6,836,18,ETI,"Easter Island Stoneheads",850,19,RIC,"Richfield Oracles","ETI @ RIC"
77,6,849,30,PRO,"Providence Sea Bass",858,15,VHV,"Valhalla Vikings","PRO @ VHV"
78,6,838,37,HAM,"Hamilton Mustangs",848,17,PIT,"Pitt Intramurals","HAM @ PIT"
79,6,847,51,OCW,"Orange County Weststars",839,9,HIG,"Highland Wolf","OCW @ HIG"
80,6,840,50,ING,"Inglewood Monstars",846,26,NBK,"North Bay Knights","ING @ NBK"
81,6,845,12,MGG,"Minnesota Golden Gophers",841,14,ITA,"Italy EBC","MGG @ ITA"
82,6,842,39,MHA,"Maryhill Alumni",859,63,WDY,"Woodlynne Rats","MHA @ WDY"
83,6,843,54,KAR,"Karolina Kaos",844,13,MHT,"Minhattrick Swayzes","KAR @ MHT"
84,6,833,49,BAY,"Baytown Thunder",835,67,DHG,"Devil Hill Goblins","BAY @ DHG"
85,7,854,21,SUM,"Sumter Trash",831,2,AUT,"Autobahn","SUM @ AUT"
86,7,853,20,SVF,"Sugar Valley Firebirds",855,28,TAI,"Taipei Typhoons","SVF @ TAI"
87,7,833,49,BAY,"Baytown Thunder",852,60,SHS,"South Hills Shindigaz","BAY @ SHS"
88,7,851,66,ROC,"Rockford Villains",856,24,TEG,"Tegucigalpa Ticklepuss","ROC @ TEG"
89,7,835,67,DHG,"Devil Hill Goblins",850,19,RIC,"Richfield Oracles","DHG @ RIC"
90,7,849,30,PRO,"Providence Sea Bass",857,29,TBP,"Thunder Bay Pike","PRO @ TBP"
91,7,837,25,GRH,"Grand River Herons",848,17,PIT,"Pitt Intramurals","GRH @ PIT"
92,7,847,51,OCW,"Orange County Weststars",858,15,VHV,"Valhalla Vikings","OCW @ VHV"
93,7,839,9,HIG,"Highland Wolf",846,26,NBK,"North Bay Knights","HIG @ NBK"
94,7,845,12,MGG,"Minnesota Golden Gophers",840,50,ING,"Inglewood Monstars","MGG @ ING"
95,7,841,14,ITA,"Italy EBC",859,63,WDY,"Woodlynne Rats","ITA @ WDY"
96,7,842,39,MHA,"Maryhill Alumni",844,13,MHT,"Minhattrick Swayzes","MHA @ MHT"
97,7,834,58,BFC,"Betty Ford Clinic",838,37,HAM,"Hamilton Mustangs","BFC @ HAM"
98,7,836,18,ETI,"Easter Island Stoneheads",832,65,BAR,"Barrie Dolts","ETI @ BAR"
99,8,831,2,AUT,"Autobahn",853,20,SVF,"Sugar Valley Firebirds","AUT @ SVF"
100,8,832,65,BAR,"Barrie Dolts",852,60,SHS,"South Hills Shindigaz","BAR @ SHS"
101,8,851,66,ROC,"Rockford Villains",854,21,SUM,"Sumter Trash","ROC @ SUM"
102,8,834,58,BFC,"Betty Ford Clinic",850,19,RIC,"Richfield Oracles","BFC @ RIC"
103,8,849,30,PRO,"Providence Sea Bass",855,28,TAI,"Taipei Typhoons","PRO @ TAI"
104,8,836,18,ETI,"Easter Island Stoneheads",848,17,PIT,"Pitt Intramurals","ETI @ PIT"
105,8,847,51,OCW,"Orange County Weststars",856,24,TEG,"Tegucigalpa Ticklepuss","OCW @ TEG"
106,8,838,37,HAM,"Hamilton Mustangs",846,26,NBK,"North Bay Knights","HAM @ NBK"
107,8,845,12,MGG,"Minnesota Golden Gophers",857,29,TBP,"Thunder Bay Pike","MGG @ TBP"
108,8,840,50,ING,"Inglewood Monstars",859,63,WDY,"Woodlynne Rats","ING @ WDY"
109,8,841,14,ITA,"Italy EBC",844,13,MHT,"Minhattrick Swayzes","ITA @ MHT"
110,8,858,15,VHV,"Valhalla Vikings",842,39,MHA,"Maryhill Alumni","VHV @ MHA"
111,8,843,54,KAR,"Karolina Kaos",833,49,BAY,"Baytown Thunder","KAR @ BAY"
112,8,835,67,DHG,"Devil Hill Goblins",837,25,GRH,"Grand River Herons","DHG @ GRH"
113,9,852,60,SHS,"South Hills Shindigaz",831,2,AUT,"Autobahn","SHS @ AUT"
114,9,851,66,ROC,"Rockford Villains",853,20,SVF,"Sugar Valley Firebirds","ROC @ SVF"
115,9,833,49,BAY,"Baytown Thunder",850,19,RIC,"Richfield Oracles","BAY @ RIC"
116,9,849,30,PRO,"Providence Sea Bass",854,21,SUM,"Sumter Trash","PRO @ SUM"
117,9,835,67,DHG,"Devil Hill Goblins",848,17,PIT,"Pitt Intramurals","DHG @ PIT"
118,9,847,51,OCW,"Orange County Weststars",855,28,TAI,"Taipei Typhoons","OCW @ TAI"
119,9,837,25,GRH,"Grand River Herons",846,26,NBK,"North Bay Knights","GRH @ NBK"
120,9,845,12,MGG,"Minnesota Golden Gophers",856,24,TEG,"Tegucigalpa Ticklepuss","MGG @ TEG"
121,9,839,9,HIG,"Highland Wolf",859,63,WDY,"Woodlynne Rats","HIG @ WDY"
122,9,840,50,ING,"Inglewood Monstars",844,13,MHT,"Minhattrick Swayzes","ING @ MHT"
123,9,857,29,TBP,"Thunder Bay Pike",841,14,ITA,"Italy EBC","TBP @ ITA"
124,9,842,39,MHA,"Maryhill Alumni",843,54,KAR,"Karolina Kaos","MHA @ KAR"
125,9,858,15,VHV,"Valhalla Vikings",834,58,BFC,"Betty Ford Clinic","VHV @ BFC"
126,9,838,37,HAM,"Hamilton Mustangs",832,65,BAR,"Barrie Dolts","HAM @ BAR"
127,10,831,2,AUT,"Autobahn",851,66,ROC,"Rockford Villains","AUT @ ROC"
128,10,832,65,BAR,"Barrie Dolts",850,19,RIC,"Richfield Oracles","BAR @ RIC"
129,10,849,30,PRO,"Providence Sea Bass",852,60,SHS,"South Hills Shindigaz","PRO @ SHS"
130,10,834,58,BFC,"Betty Ford Clinic",848,17,PIT,"Pitt Intramurals","BFC @ PIT"
131,10,847,51,OCW,"Orange County Weststars",853,20,SVF,"Sugar Valley Firebirds","OCW @ SVF"
132,10,836,18,ETI,"Easter Island Stoneheads",846,26,NBK,"North Bay Knights","ETI @ NBK"
133,10,845,12,MGG,"Minnesota Golden Gophers",854,21,SUM,"Sumter Trash","MGG @ SUM"
134,10,838,37,HAM,"Hamilton Mustangs",859,63,WDY,"Woodlynne Rats","HAM @ WDY"
135,10,839,9,HIG,"Highland Wolf",844,13,MHT,"Minhattrick Swayzes","HIG @ MHT"
136,10,856,24,TEG,"Tegucigalpa Ticklepuss",840,50,ING,"Inglewood Monstars","TEG @ ING"
137,10,841,14,ITA,"Italy EBC",843,54,KAR,"Karolina Kaos","ITA @ KAR"
138,10,857,29,TBP,"Thunder Bay Pike",842,39,MHA,"Maryhill Alumni","TBP @ MHA"
139,10,833,49,BAY,"Baytown Thunder",855,28,TAI,"Taipei Typhoons","BAY @ TAI"
140,10,837,25,GRH,"Grand River Herons",858,15,VHV,"Valhalla Vikings","GRH @ VHV"
141,11,850,19,RIC,"Richfield Oracles",831,2,AUT,"Autobahn","RIC @ AUT"
142,11,849,30,PRO,"Providence Sea Bass",851,66,ROC,"Rockford Villains","PRO @ ROC"
143,11,833,49,BAY,"Baytown Thunder",848,17,PIT,"Pitt Intramurals","BAY @ PIT"
144,11,847,51,OCW,"Orange County Weststars",852,60,SHS,"South Hills Shindigaz","OCW @ SHS"
145,11,835,67,DHG,"Devil Hill Goblins",846,26,NBK,"North Bay Knights","DHG @ NBK"
146,11,845,12,MGG,"Minnesota Golden Gophers",853,20,SVF,"Sugar Valley Firebirds","MGG @ SVF"
147,11,837,25,GRH,"Grand River Herons",859,63,WDY,"Woodlynne Rats","GRH @ WDY"
148,11,838,37,HAM,"Hamilton Mustangs",844,13,MHT,"Minhattrick Swayzes","HAM @ MHT"
149,11,855,28,TAI,"Taipei Typhoons",839,9,HIG,"Highland Wolf","TAI @ HIG"
150,11,840,50,ING,"Inglewood Monstars",843,54,KAR,"Karolina Kaos","ING @ KAR"
151,11,856,24,TEG,"Tegucigalpa Ticklepuss",841,14,ITA,"Italy EBC","TEG @ ITA"
152,11,842,39,MHA,"Maryhill Alumni",836,18,ETI,"Easter Island Stoneheads","MHA @ ETI"
153,11,857,29,TBP,"Thunder Bay Pike",834,58,BFC,"Betty Ford Clinic","TBP @ BFC"
154,11,858,15,VHV,"Valhalla Vikings",854,21,SUM,"Sumter Trash","VHV @ SUM"
155,12,831,2,AUT,"Autobahn",849,30,PRO,"Providence Sea Bass","AUT @ PRO"
156,12,832,65,BAR,"Barrie Dolts",848,17,PIT,"Pitt Intramurals","BAR @ PIT"
157,12,847,51,OCW,"Orange County Weststars",851,66,ROC,"Rockford Villains","OCW @ ROC"
158,12,834,58,BFC,"Betty Ford Clinic",846,26,NBK,"North Bay Knights","BFC @ NBK"
159,12,845,12,MGG,"Minnesota Golden Gophers",852,60,SHS,"South Hills Shindigaz","MGG @ SHS"
160,12,836,18,ETI,"Easter Island Stoneheads",859,63,WDY,"Woodlynne Rats","ETI @ WDY"
161,12,853,20,SVF,"Sugar Valley Firebirds",837,25,GRH,"Grand River Herons","SVF @ GRH"
162,12,838,37,HAM,"Hamilton Mustangs",843,54,KAR,"Karolina Kaos","HAM @ KAR"
163,12,854,21,SUM,"Sumter Trash",839,9,HIG,"Highland Wolf","SUM @ HIG"
164,12,840,50,ING,"Inglewood Monstars",841,14,ITA,"Italy EBC","ING @ ITA"
165,12,855,28,TAI,"Taipei Typhoons",842,39,MHA,"Maryhill Alumni","TAI @ MHA"
166,12,844,13,MHT,"Minhattrick Swayzes",856,24,TEG,"Tegucigalpa Ticklepuss","MHT @ TEG"
167,12,858,15,VHV,"Valhalla Vikings",833,49,BAY,"Baytown Thunder","VHV @ BAY"
168,12,835,67,DHG,"Devil Hill Goblins",857,29,TBP,"Thunder Bay Pike","DHG @ TBP"
169,13,848,17,PIT,"Pitt Intramurals",831,2,AUT,"Autobahn","PIT @ AUT"
170,13,847,51,OCW,"Orange County Weststars",849,30,PRO,"Providence Sea Bass","OCW @ PRO"
171,13,833,49,BAY,"Baytown Thunder",846,26,NBK,"North Bay Knights","BAY @ NBK"
172,13,845,12,MGG,"Minnesota Golden Gophers",851,66,ROC,"Rockford Villains","MGG @ ROC"
173,13,835,67,DHG,"Devil Hill Goblins",859,63,WDY,"Woodlynne Rats","DHG @ WDY"
174,13,844,13,MHT,"Minhattrick Swayzes",836,18,ETI,"Easter Island Stoneheads","MHT @ ETI"
175,13,837,25,GRH,"Grand River Herons",843,54,KAR,"Karolina Kaos","GRH @ KAR"
176,13,853,20,SVF,"Sugar Valley Firebirds",838,37,HAM,"Hamilton Mustangs","SVF @ HAM"
177,13,839,9,HIG,"Highland Wolf",841,14,ITA,"Italy EBC","HIG @ ITA"
178,13,852,60,SHS,"South Hills Shindigaz",840,50,ING,"Inglewood Monstars","SHS @ ING"
179,13,854,21,SUM,"Sumter Trash",842,39,MHA,"Maryhill Alumni","SUM @ MHA"
180,13,850,19,RIC,"Richfield Oracles",846,26,NBK,"North Bay Knights","RIC @ NBK"
181,13,834,58,BFC,"Betty Ford Clinic",855,28,TAI,"Taipei Typhoons","BFC @ TAI"
182,13,856,24,TEG,"Tegucigalpa Ticklepuss",858,15,VHV,"Valhalla Vikings","TEG @ VHV"
183,14,831,2,AUT,"Autobahn",847,51,OCW,"Orange County Weststars","AUT @ OCW"
184,14,832,65,BAR,"Barrie Dolts",846,26,NBK,"North Bay Knights","BAR @ NBK"
185,14,845,12,MGG,"Minnesota Golden Gophers",849,30,PRO,"Providence Sea Bass","MGG @ PRO"
186,14,834,58,BFC,"Betty Ford Clinic",859,63,WDY,"Woodlynne Rats","BFC @ WDY"
187,14,851,66,ROC,"Rockford Villains",835,67,DHG,"Devil Hill Goblins","ROC @ DHG"
188,14,836,18,ETI,"Easter Island Stoneheads",843,54,KAR,"Karolina Kaos","ETI @ KAR"
189,14,844,13,MHT,"Minhattrick Swayzes",837,25,GRH,"Grand River Herons","MHT @ GRH"
190,14,838,37,HAM,"Hamilton Mustangs",841,14,ITA,"Italy EBC","HAM @ ITA"
191,14,852,60,SHS,"South Hills Shindigaz",839,9,HIG,"Highland Wolf","SHS @ HIG"
192,14,840,50,ING,"Inglewood Monstars",842,39,MHA,"Maryhill Alumni","ING @ MHA"
193,14,853,20,SVF,"Sugar Valley Firebirds",848,17,PIT,"Pitt Intramurals","SVF @ PIT"
194,14,850,19,RIC,"Richfield Oracles",854,21,SUM,"Sumter Trash","RIC @ SUM"
195,14,856,24,TEG,"Tegucigalpa Ticklepuss",833,49,BAY,"Baytown Thunder","TEG @ BAY"
196,14,857,29,TBP,"Thunder Bay Pike",858,15,VHV,"Valhalla Vikings","TBP @ VHV"
197,15,846,26,NBK,"North Bay Knights",831,2,AUT,"Autobahn","NBK @ AUT"
198,15,845,12,MGG,"Minnesota Golden Gophers",847,51,OCW,"Orange County Weststars","MGG @ OCW"
199,15,833,49,BAY,"Baytown Thunder",859,63,WDY,"Woodlynne Rats","BAY @ WDY"
200,15,849,30,PRO,"Providence Sea Bass",834,58,BFC,"Betty Ford Clinic","PRO @ BFC"
201,15,835,67,DHG,"Devil Hill Goblins",843,54,KAR,"Karolina Kaos","DHG @ KAR"
202,15,844,13,MHT,"Minhattrick Swayzes",851,66,ROC,"Rockford Villains","MHT @ ROC"
203,15,837,25,GRH,"Grand River Herons",841,14,ITA,"Italy EBC","GRH @ ITA"
204,15,836,18,ETI,"Easter Island Stoneheads",838,37,HAM,"Hamilton Mustangs","ETI @ HAM"
205,15,839,9,HIG,"Highland Wolf",842,39,MHA,"Maryhill Alumni","HIG @ MHA"
206,15,851,66,ROC,"Rockford Villains",840,50,ING,"Inglewood Monstars","ROC @ ING"
207,15,848,17,PIT,"Pitt Intramurals",850,19,RIC,"Richfield Oracles","PIT @ RIC"
208,15,852,60,SHS,"South Hills Shindigaz",853,20,SVF,"Sugar Valley Firebirds","SHS @ SVF"
209,15,857,29,TBP,"Thunder Bay Pike",832,65,BAR,"Barrie Dolts","TBP @ BAR"
210,15,855,28,TAI,"Taipei Typhoons",856,24,TEG,"Tegucigalpa Ticklepuss","TAI @ TEG"
211,16,831,2,AUT,"Autobahn",845,12,MGG,"Minnesota Golden Gophers","AUT @ MGG"
212,16,832,65,BAR,"Barrie Dolts",859,63,WDY,"Woodlynne Rats","BAR @ WDY"
213,16,846,26,NBK,"North Bay Knights",833,49,BAY,"Baytown Thunder","NBK @ BAY"
214,16,834,58,BFC,"Betty Ford Clinic",843,54,KAR,"Karolina Kaos","BFC @ KAR"
215,16,844,13,MHT,"Minhattrick Swayzes",849,30,PRO,"Providence Sea Bass","MHT @ PRO"
216,16,836,18,ETI,"Easter Island Stoneheads",841,14,ITA,"Italy EBC","ETI @ ITA"
217,16,835,67,DHG,"Devil Hill Goblins",837,25,GRH,"Grand River Herons","DHG @ GRH"
218,16,838,37,HAM,"Hamilton Mustangs",842,39,MHA,"Maryhill Alumni","HAM @ MHA"
219,16,847,51,OCW,"Orange County Weststars",839,9,HIG,"Highland Wolf","OCW @ HIG"
220,16,840,50,ING,"Inglewood Monstars",848,17,PIT,"Pitt Intramurals","ING @ PIT"
221,16,850,19,RIC,"Richfield Oracles",852,60,SHS,"South Hills Shindigaz","RIC @ SHS"
222,16,853,20,SVF,"Sugar Valley Firebirds",854,21,SUM,"Sumter Trash","SVF @ SUM"
223,16,858,15,VHV,"Valhalla Vikings",855,28,TAI,"Taipei Typhoons","VHV @ TAI"
224,16,856,24,TEG,"Tegucigalpa Ticklepuss",857,29,TBP,"Thunder Bay Pike","TEG @ TBP"
225,17,844,13,MHT,"Minhattrick Swayzes",831,2,AUT,"Autobahn","MHT @ AUT"
226,17,845,12,MGG,"Minnesota Golden Gophers",832,65,BAR,"Barrie Dolts","MGG @ BAR"
227,17,833,49,BAY,"Baytown Thunder",843,54,KAR,"Karolina Kaos","BAY @ KAR"
228,17,846,26,NBK,"North Bay Knights",834,58,BFC,"Betty Ford Clinic","NBK @ BFC"
229,17,835,67,DHG,"Devil Hill Goblins",841,14,ITA,"Italy EBC","DHG @ ITA"
230,17,849,30,PRO,"Providence Sea Bass",836,18,ETI,"Easter Island Stoneheads","PRO @ ETI"
231,17,837,25,GRH,"Grand River Herons",842,39,MHA,"Maryhill Alumni","GRH @ MHA"
232,17,847,51,OCW,"Orange County Weststars",838,37,HAM,"Hamilton Mustangs","OCW @ HAM"
233,17,839,9,HIG,"Highland Wolf",848,17,PIT,"Pitt Intramurals","HIG @ PIT"
234,17,840,50,ING,"Inglewood Monstars",850,19,RIC,"Richfield Oracles","ING @ RIC"
235,17,851,66,ROC,"Rockford Villains",852,60,SHS,"South Hills Shindigaz","ROC @ SHS"
236,17,853,20,SVF,"Sugar Valley Firebirds",859,63,WDY,"Woodlynne Rats","SVF @ WDY"
237,17,857,29,TBP,"Thunder Bay Pike",855,28,TAI,"Taipei Typhoons","TBP @ TAI"
238,17,858,15,VHV,"Valhalla Vikings",856,24,TEG,"Tegucigalpa Ticklepuss","VHV @ TEG"
239,18,831,2,AUT,"Autobahn",843,54,KAR,"Karolina Kaos","AUT @ KAR"
240,18,832,65,BAR,"Barrie Dolts",844,13,MHT,"Minhattrick Swayzes","BAR @ MHT"
241,18,841,14,ITA,"Italy EBC",833,49,BAY,"Baytown Thunder","ITA @ BAY"
242,18,834,58,BFC,"Betty Ford Clinic",845,12,MGG,"Minnesota Golden Gophers","BFC @ MGG"
243,18,842,39,MHA,"Maryhill Alumni",835,67,DHG,"Devil Hill Goblins","MHA @ DHG"
244,18,836,18,ETI,"Easter Island Stoneheads",846,26,NBK,"North Bay Knights","ETI @ NBK"
245,18,847,51,OCW,"Orange County Weststars",837,25,GRH,"Grand River Herons","OCW @ GRH"
246,18,838,37,HAM,"Hamilton Mustangs",848,17,PIT,"Pitt Intramurals","HAM @ PIT"
247,18,849,30,PRO,"Providence Sea Bass",839,9,HIG,"Highland Wolf","PRO @ HIG"
248,18,840,50,ING,"Inglewood Monstars",851,66,ROC,"Rockford Villains","ING @ ROC"
249,18,852,60,SHS,"South Hills Shindigaz",859,63,WDY,"Woodlynne Rats","SHS @ WDY"
250,18,850,19,RIC,"Richfield Oracles",853,20,SVF,"Sugar Valley Firebirds","RIC @ SVF"
251,18,854,21,SUM,"Sumter Trash",857,29,TBP,"Thunder Bay Pike","SUM @ TBP"
252,18,855,28,TAI,"Taipei Typhoons",858,15,VHV,"Valhalla Vikings","TAI @ VHV"
253,19,842,39,MHA,"Maryhill Alumni",831,2,AUT,"Autobahn","MHA @ AUT"
254,19,843,54,KAR,"Karolina Kaos",832,65,BAR,"Barrie Dolts","KAR @ BAR"
255,19,833,49,BAY,"Baytown Thunder",844,13,MHT,"Minhattrick Swayzes","BAY @ MHT"
256,19,841,14,ITA,"Italy EBC",834,58,BFC,"Betty Ford Clinic","ITA @ BFC"
257,19,835,67,DHG,"Devil Hill Goblins",845,12,MGG,"Minnesota Golden Gophers","DHG @ MGG"
258,19,847,51,OCW,"Orange County Weststars",836,18,ETI,"Easter Island Stoneheads","OCW @ ETI"
259,19,837,25,GRH,"Grand River Herons",846,26,NBK,"North Bay Knights","GRH @ NBK"
260,19,848,17,PIT,"Pitt Intramurals",838,37,HAM,"Hamilton Mustangs","PIT @ HAM"
261,19,839,9,HIG,"Highland Wolf",850,19,RIC,"Richfield Oracles","HIG @ RIC"
262,19,851,66,ROC,"Rockford Villains",849,30,PRO,"Providence Sea Bass","ROC @ PRO"
263,19,840,50,ING,"Inglewood Monstars",852,60,SHS,"South Hills Shindigaz","ING @ SHS"
264,19,854,21,SUM,"Sumter Trash",859,63,WDY,"Woodlynne Rats","SUM @ WDY"
265,19,853,20,SVF,"Sugar Valley Firebirds",857,29,TBP,"Thunder Bay Pike","SVF @ TBP"
266,19,856,24,TEG,"Tegucigalpa Ticklepuss",855,28,TAI,"Taipei Typhoons","TEG @ TAI"
267,20,831,2,AUT,"Autobahn",841,14,ITA,"Italy EBC","AUT @ ITA"
268,20,832,65,BAR,"Barrie Dolts",842,39,MHA,"Maryhill Alumni","BAR @ MHA"
269,20,843,54,KAR,"Karolina Kaos",833,49,BAY,"Baytown Thunder","KAR @ BAY"
270,20,834,58,BFC,"Betty Ford Clinic",844,13,MHT,"Minhattrick Swayzes","BFC @ MHT"
271,20,847,51,OCW,"Orange County Weststars",835,67,DHG,"Devil Hill Goblins","OCW @ DHG"
272,20,836,18,ETI,"Easter Island Stoneheads",845,12,MGG,"Minnesota Golden Gophers","ETI @ MGG"
273,20,848,17,PIT,"Pitt Intramurals",837,25,GRH,"Grand River Herons","PIT @ GRH"
274,20,838,37,HAM,"Hamilton Mustangs",846,26,NBK,"North Bay Knights","HAM @ NBK"
275,20,839,9,HIG,"Highland Wolf",851,66,ROC,"Rockford Villains","HIG @ ROC"
276,20,849,30,PRO,"Providence Sea Bass",850,19,RIC,"Richfield Oracles","PRO @ RIC"
277,20,840,50,ING,"Inglewood Monstars",854,21,SUM,"Sumter Trash","ING @ SUM"
278,20,859,63,WDY,"Woodlynne Rats",852,60,SHS,"South Hills Shindigaz","WDY @ SHS"
279,20,857,29,TBP,"Thunder Bay Pike",853,20,SVF,"Sugar Valley Firebirds","TBP @ SVF"
280,20,858,15,VHV,"Valhalla Vikings",856,24,TEG,"Tegucigalpa Ticklepuss","VHV @ TEG"
281,21,840,50,ING,"Inglewood Monstars",831,2,AUT,"Autobahn","ING @ AUT"
282,21,841,14,ITA,"Italy EBC",832,65,BAR,"Barrie Dolts","ITA @ BAR"
283,21,833,49,BAY,"Baytown Thunder",842,39,MHA,"Maryhill Alumni","BAY @ MHA"
284,21,843,54,KAR,"Karolina Kaos",834,58,BFC,"Betty Ford Clinic","KAR @ BFC"
285,21,835,67,DHG,"Devil Hill Goblins",844,13,MHT,"Minhattrick Swayzes","DHG @ MHT"
286,21,848,17,PIT,"Pitt Intramurals",836,18,ETI,"Easter Island Stoneheads","PIT @ ETI"
287,21,837,25,GRH,"Grand River Herons",847,51,OCW,"Orange County Weststars","GRH @ OCW"
288,21,845,12,MGG,"Minnesota Golden Gophers",838,37,HAM,"Hamilton Mustangs","MGG @ HAM"
289,21,839,9,HIG,"Highland Wolf",849,30,PRO,"Providence Sea Bass","HIG @ PRO"
290,21,850,19,RIC,"Richfield Oracles",851,66,ROC,"Rockford Villains","RIC @ ROC"
291,21,859,63,WDY,"Woodlynne Rats",846,26,NBK,"North Bay Knights","WDY @ NBK"
292,21,852,60,SHS,"South Hills Shindigaz",854,21,SUM,"Sumter Trash","SHS @ SUM"
293,21,856,24,TEG,"Tegucigalpa Ticklepuss",853,20,SVF,"Sugar Valley Firebirds","TEG @ SVF"
294,21,855,28,TAI,"Taipei Typhoons",857,29,TBP,"Thunder Bay Pike","TAI @ TBP"
295,22,831,2,AUT,"Autobahn",839,9,HIG,"Highland Wolf","AUT @ HIG"
296,22,832,65,BAR,"Barrie Dolts",840,50,ING,"Inglewood Monstars","BAR @ ING"
297,22,841,14,ITA,"Italy EBC",833,49,BAY,"Baytown Thunder","ITA @ BAY"
298,22,834,58,BFC,"Betty Ford Clinic",842,39,MHA,"Maryhill Alumni","BFC @ MHA"
299,22,843,54,KAR,"Karolina Kaos",835,67,DHG,"Devil Hill Goblins","KAR @ DHG"
300,22,836,18,ETI,"Easter Island Stoneheads",844,13,MHT,"Minhattrick Swayzes","ETI @ MHT"
301,22,845,12,MGG,"Minnesota Golden Gophers",837,25,GRH,"Grand River Herons","MGG @ GRH"
302,22,838,37,HAM,"Hamilton Mustangs",847,51,OCW,"Orange County Weststars","HAM @ OCW"
303,22,850,19,RIC,"Richfield Oracles",848,17,PIT,"Pitt Intramurals","RIC @ PIT"
304,22,849,30,PRO,"Providence Sea Bass",851,66,ROC,"Rockford Villains","PRO @ ROC"
305,22,859,63,WDY,"Woodlynne Rats",854,21,SUM,"Sumter Trash","WDY @ SUM"
306,22,846,26,NBK,"North Bay Knights",852,60,SHS,"South Hills Shindigaz","NBK @ SHS"
307,22,855,28,TAI,"Taipei Typhoons",853,20,SVF,"Sugar Valley Firebirds","TAI @ SVF"
308,22,857,29,TBP,"Thunder Bay Pike",858,15,VHV,"Valhalla Vikings","TBP @ VHV"
309,23,838,37,HAM,"Hamilton Mustangs",831,2,AUT,"Autobahn","HAM @ AUT"
310,23,839,9,HIG,"Highland Wolf",832,65,BAR,"Barrie Dolts","HIG @ BAR"
311,23,833,49,BAY,"Baytown Thunder",840,50,ING,"Inglewood Monstars","BAY @ ING"
312,23,834,58,BFC,"Betty Ford Clinic",841,14,ITA,"Italy EBC","BFC @ ITA"
313,23,835,67,DHG,"Devil Hill Goblins",842,39,MHA,"Maryhill Alumni","DHG @ MHA"
314,23,843,54,KAR,"Karolina Kaos",836,18,ETI,"Easter Island Stoneheads","KAR @ ETI"
315,23,837,25,GRH,"Grand River Herons",844,13,MHT,"Minhattrick Swayzes","GRH @ MHT"
316,23,845,12,MGG,"Minnesota Golden Gophers",847,51,OCW,"Orange County Weststars","MGG @ OCW"
317,23,850,19,RIC,"Richfield Oracles",846,26,NBK,"North Bay Knights","RIC @ NBK"
318,23,848,17,PIT,"Pitt Intramurals",851,66,ROC,"Rockford Villains","PIT @ ROC"
319,23,852,60,SHS,"South Hills Shindigaz",849,30,PRO,"Providence Sea Bass","SHS @ PRO"
320,23,854,21,SUM,"Sumter Trash",856,24,TEG,"Tegucigalpa Ticklepuss","SUM @ TEG"
321,23,853,20,SVF,"Sugar Valley Firebirds",858,15,VHV,"Valhalla Vikings","SVF @ VHV"
322,23,859,63,WDY,"Woodlynne Rats",855,28,TAI,"Taipei Typhoons","WDY @ TAI"
323,24,831,2,AUT,"Autobahn",837,25,GRH,"Grand River Herons","AUT @ GRH"
324,24,832,65,BAR,"Barrie Dolts",838,37,HAM,"Hamilton Mustangs","BAR @ HAM"
325,24,839,9,HIG,"Highland Wolf",833,49,BAY,"Baytown Thunder","HIG @ BAY"
326,24,834,58,BFC,"Betty Ford Clinic",840,50,ING,"Inglewood Monstars","BFC @ ING"
327,24,841,14,ITA,"Italy EBC",835,67,DHG,"Devil Hill Goblins","ITA @ DHG"
328,24,836,18,ETI,"Easter Island Stoneheads",842,39,MHA,"Maryhill Alumni","ETI @ MHA"
329,24,843,54,KAR,"Karolina Kaos",845,12,MGG,"Minnesota Golden Gophers","KAR @ MGG"
330,24,838,37,HAM,"Hamilton Mustangs",844,13,MHT,"Minhattrick Swayzes","HAM @ MHT"
331,24,848,17,PIT,"Pitt Intramurals",846,26,NBK,"North Bay Knights","PIT @ NBK"
332,24,850,19,RIC,"Richfield Oracles",847,51,OCW,"Orange County Weststars","RIC @ OCW"
333,24,852,60,SHS,"South Hills Shindigaz",851,66,ROC,"Rockford Villains","SHS @ ROC"
334,24,849,30,PRO,"Providence Sea Bass",856,24,TEG,"Tegucigalpa Ticklepuss","PRO @ TEG"
335,24,854,21,SUM,"Sumter Trash",858,15,VHV,"Valhalla Vikings","SUM @ VHV"
336,24,857,29,TBP,"Thunder Bay Pike",859,63,WDY,"Woodlynne Rats","TBP @ WDY"
337,25,836,18,ETI,"Easter Island Stoneheads",831,2,AUT,"Autobahn","ETI @ AUT"
338,25,837,25,GRH,"Grand River Herons",832,65,BAR,"Barrie Dolts","GRH @ BAR"
339,25,833,49,BAY,"Baytown Thunder",838,37,HAM,"Hamilton Mustangs","BAY @ HAM"
340,25,839,9,HIG,"Highland Wolf",834,58,BFC,"Betty Ford Clinic","HIG @ BFC"
341,25,835,67,DHG,"Devil Hill Goblins",840,50,ING,"Inglewood Monstars","DHG @ ING"
342,25,841,14,ITA,"Italy EBC",845,12,MGG,"Minnesota Golden Gophers","ITA @ MGG"
343,25,842,39,MHA,"Maryhill Alumni",844,13,MHT,"Minhattrick Swayzes","MHA @ MHT"
344,25,846,26,NBK,"North Bay Knights",847,51,OCW,"Orange County Weststars","NBK @ OCW"
345,25,848,17,PIT,"Pitt Intramurals",852,60,SHS,"South Hills Shindigaz","PIT @ SHS"
346,25,850,19,RIC,"Richfield Oracles",856,24,TEG,"Tegucigalpa Ticklepuss","RIC @ TEG"
347,25,851,66,ROC,"Rockford Villains",858,15,VHV,"Valhalla Vikings","ROC @ VHV"
348,25,849,30,PRO,"Providence Sea Bass",857,29,TBP,"Thunder Bay Pike","PRO @ TBP"
349,25,853,20,SVF,"Sugar Valley Firebirds",855,28,TAI,"Taipei Typhoons","SVF @ TAI"
350,25,843,54,KAR,"Karolina Kaos",854,21,SUM,"Sumter Trash","KAR @ SUM"
351,26,831,2,AUT,"Autobahn",835,67,DHG,"Devil Hill Goblins","AUT @ DHG"
352,26,832,65,BAR,"Barrie Dolts",836,18,ETI,"Easter Island Stoneheads","BAR @ ETI"
353,26,837,25,GRH,"Grand River Herons",833,49,BAY,"Baytown Thunder","GRH @ BAY"
354,26,834,58,BFC,"Betty Ford Clinic",838,37,HAM,"Hamilton Mustangs","BFC @ HAM"
355,26,839,9,HIG,"Highland Wolf",845,12,MGG,"Minnesota Golden Gophers","HIG @ MGG"
356,26,840,50,ING,"Inglewood Monstars",844,13,MHT,"Minhattrick Swayzes","ING @ MHT"
357,26,841,14,ITA,"Italy EBC",847,51,OCW,"Orange County Weststars","ITA @ OCW"
358,26,842,39,MHA,"Maryhill Alumni",848,17,PIT,"Pitt Intramurals","MHA @ PIT"
359,26,846,26,NBK,"North Bay Knights",856,24,TEG,"Tegucigalpa Ticklepuss","NBK @ TEG"
360,26,847,51,OCW,"Orange County Weststars",858,15,VHV,"Valhalla Vikings","OCW @ VHV"
361,26,852,60,SHS,"South Hills Shindigaz",857,29,TBP,"Thunder Bay Pike","SHS @ TBP"
362,26,850,19,RIC,"Richfield Oracles",855,28,TAI,"Taipei Typhoons","RIC @ TAI"
363,26,851,66,ROC,"Rockford Villains",854,21,SUM,"Sumter Trash","ROC @ SUM"
364,26,849,30,PRO,"Providence Sea Bass",853,20,SVF,"Sugar Valley Firebirds","PRO @ SVF"
365,27,834,58,BFC,"Betty Ford Clinic",831,2,AUT,"Autobahn","BFC @ AUT"
366,27,835,67,DHG,"Devil Hill Goblins",832,65,BAR,"Barrie Dolts","DHG @ BAR"
367,27,833,49,BAY,"Baytown Thunder",836,18,ETI,"Easter Island Stoneheads","BAY @ ETI"
368,27,837,25,GRH,"Grand River Herons",845,12,MGG,"Minnesota Golden Gophers","GRH @ MGG"
369,27,838,37,HAM,"Hamilton Mustangs",844,13,MHT,"Minhattrick Swayzes","HAM @ MHT"
370,27,839,9,HIG,"Highland Wolf",847,51,OCW,"Orange County Weststars","HIG @ OCW"
371,27,840,50,ING,"Inglewood Monstars",848,17,PIT,"Pitt Intramurals","ING @ PIT"
372,27,841,14,ITA,"Italy EBC",846,26,NBK,"North Bay Knights","ITA @ NBK"
373,27,842,39,MHA,"Maryhill Alumni",856,24,TEG,"Tegucigalpa Ticklepuss","MHA @ TEG"
374,27,843,54,KAR,"Karolina Kaos",858,15,VHV,"Valhalla Vikings","KAR @ VHV"
375,27,857,29,TBP,"Thunder Bay Pike",850,19,RIC,"Richfield Oracles","TBP @ RIC"
376,27,852,60,SHS,"South Hills Shindigaz",855,28,TAI,"Taipei Typhoons","SHS @ TAI"
377,27,854,21,SUM,"Sumter Trash",853,20,SVF,"Sugar Valley Firebirds","SUM @ SVF"
378,27,859,63,WDY,"Woodlynne Rats",851,66,ROC,"Rockford Villains","WDY @ ROC"
379,28,831,2,AUT,"Autobahn",833,49,BAY,"Baytown Thunder","AUT @ BAY"
380,28,832,65,BAR,"Barrie Dolts",834,58,BFC,"Betty Ford Clinic","BAR @ BFC"
381,28,835,67,DHG,"Devil Hill Goblins",845,12,MGG,"Minnesota Golden Gophers","DHG @ MGG"
382,28,836,18,ETI,"Easter Island Stoneheads",844,13,MHT,"Minhattrick Swayzes","ETI @ MHT"
383,28,837,25,GRH,"Grand River Herons",847,51,OCW,"Orange County Weststars","GRH @ OCW"
384,28,838,37,HAM,"Hamilton Mustangs",848,17,PIT,"Pitt Intramurals","HAM @ PIT"
385,28,839,9,HIG,"Highland Wolf",846,26,NBK,"North Bay Knights","HIG @ NBK"
386,28,840,50,ING,"Inglewood Monstars",856,24,TEG,"Tegucigalpa Ticklepuss","ING @ TEG"
387,28,841,14,ITA,"Italy EBC",858,15,VHV,"Valhalla Vikings","ITA @ VHV"
388,28,842,39,MHA,"Maryhill Alumni",857,29,TBP,"Thunder Bay Pike","MHA @ TBP"
389,28,843,54,KAR,"Karolina Kaos",855,28,TAI,"Taipei Typhoons","KAR @ TAI"
390,28,853,20,SVF,"Sugar Valley Firebirds",849,30,PRO,"Providence Sea Bass","SVF @ PRO"
391,28,850,19,RIC,"Richfield Oracles",854,21,SUM,"Sumter Trash","RIC @ SUM"
392,28,859,63,WDY,"Woodlynne Rats",852,60,SHS,"South Hills Shindigaz","WDY @ SHS"
393,29,832,65,BAR,"Barrie Dolts",831,2,AUT,"Autobahn","BAR @ AUT"
394,29,833,49,BAY,"Baytown Thunder",845,12,MGG,"Minnesota Golden Gophers","BAY @ MGG"
395,29,834,58,BFC,"Betty Ford Clinic",844,13,MHT,"Minhattrick Swayzes","BFC @ MHT"
396,29,835,67,DHG,"Devil Hill Goblins",847,51,OCW,"Orange County Weststars","DHG @ OCW"
397,29,836,18,ETI,"Easter Island Stoneheads",848,17,PIT,"Pitt Intramurals","ETI @ PIT"
398,29,837,25,GRH,"Grand River Herons",846,26,NBK,"North Bay Knights","GRH @ NBK"
399,29,838,37,HAM,"Hamilton Mustangs",856,24,TEG,"Tegucigalpa Ticklepuss","HAM @ TEG"
400,29,839,9,HIG,"Highland Wolf",858,15,VHV,"Valhalla Vikings","HIG @ VHV"
401,29,840,50,ING,"Inglewood Monstars",857,29,TBP,"Thunder Bay Pike","ING @ TBP"
402,29,841,14,ITA,"Italy EBC",855,28,TAI,"Taipei Typhoons","ITA @ TAI"
403,29,842,39,MHA,"Maryhill Alumni",854,21,SUM,"Sumter Trash","MHA @ SUM"
404,29,843,54,KAR,"Karolina Kaos",853,20,SVF,"Sugar Valley Firebirds","KAR @ SVF"
405,29,849,30,PRO,"Providence Sea Bass",859,63,WDY,"Woodlynne Rats","PRO @ WDY"
406,29,851,66,ROC,"Rockford Villains",850,19,RIC,"Richfield Oracles","ROC @ RIC"
407,30,859,63,WDY,"Woodlynne Rats",832,65,BAR,"Barrie Dolts","WDY @ BAR"
408,30,833,49,BAY,"Baytown Thunder",858,15,VHV,"Valhalla Vikings","BAY @ VHV"
409,30,857,29,TBP,"Thunder Bay Pike",834,58,BFC,"Betty Ford Clinic","TBP @ BFC"
410,30,835,67,DHG,"Devil Hill Goblins",856,24,TEG,"Tegucigalpa Ticklepuss","DHG @ TEG"
411,30,855,28,TAI,"Taipei Typhoons",836,18,ETI,"Easter Island Stoneheads","TAI @ ETI"
412,30,837,25,GRH,"Grand River Herons",854,21,SUM,"Sumter Trash","GRH @ SUM"
413,30,853,20,SVF,"Sugar Valley Firebirds",838,37,HAM,"Hamilton Mustangs","SVF @ HAM"
414,30,839,9,HIG,"Highland Wolf",852,60,SHS,"South Hills Shindigaz","HIG @ SHS"
415,30,851,66,ROC,"Rockford Villains",840,50,ING,"Inglewood Monstars","ROC @ ING"
416,30,841,14,ITA,"Italy EBC",850,19,RIC,"Richfield Oracles","ITA @ RIC"
417,30,849,30,PRO,"Providence Sea Bass",842,39,MHA,"Maryhill Alumni","PRO @ MHA"
418,30,843,54,KAR,"Karolina Kaos",848,17,PIT,"Pitt Intramurals","KAR @ PIT"
419,30,847,51,OCW,"Orange County Weststars",844,13,MHT,"Minhattrick Swayzes","OCW @ MHT"
420,30,845,12,MGG,"Minnesota Golden Gophers",846,26,NBK,"North Bay Knights","MGG @ NBK"
421,31,859,63,WDY,"Woodlynne Rats",831,2,AUT,"Autobahn","WDY @ AUT"
422,31,858,15,VHV,"Valhalla Vikings",832,65,BAR,"Barrie Dolts","VHV @ BAR"
423,31,833,49,BAY,"Baytown Thunder",857,29,TBP,"Thunder Bay Pike","BAY @ TBP"
424,31,856,24,TEG,"Tegucigalpa Ticklepuss",834,58,BFC,"Betty Ford Clinic","TEG @ BFC"
425,31,835,67,DHG,"Devil Hill Goblins",855,28,TAI,"Taipei Typhoons","DHG @ TAI"
426,31,854,21,SUM,"Sumter Trash",836,18,ETI,"Easter Island Stoneheads","SUM @ ETI"
427,31,837,25,GRH,"Grand River Herons",853,20,SVF,"Sugar Valley Firebirds","GRH @ SVF"
428,31,852,60,SHS,"South Hills Shindigaz",838,37,HAM,"Hamilton Mustangs","SHS @ HAM"
429,31,839,9,HIG,"Highland Wolf",851,66,ROC,"Rockford Villains","HIG @ ROC"
430,31,850,19,RIC,"Richfield Oracles",840,50,ING,"Inglewood Monstars","RIC @ ING"
431,31,841,14,ITA,"Italy EBC",849,30,PRO,"Providence Sea Bass","ITA @ PRO"
432,31,848,17,PIT,"Pitt Intramurals",842,39,MHA,"Maryhill Alumni","PIT @ MHA"
433,31,843,54,KAR,"Karolina Kaos",847,51,OCW,"Orange County Weststars","KAR @ OCW"
434,31,846,26,NBK,"North Bay Knights",844,13,MHT,"Minhattrick Swayzes","NBK @ MHT"
435,32,831,2,AUT,"Autobahn",858,15,VHV,"Valhalla Vikings","AUT @ VHV"
436,32,859,63,WDY,"Woodlynne Rats",857,29,TBP,"Thunder Bay Pike","WDY @ TBP"
437,32,856,24,TEG,"Tegucigalpa Ticklepuss",833,49,BAY,"Baytown Thunder","TEG @ BAY"
438,32,834,58,BFC,"Betty Ford Clinic",855,28,TAI,"Taipei Typhoons","BFC @ TAI"
439,32,854,21,SUM,"Sumter Trash",835,67,DHG,"Devil Hill Goblins","SUM @ DHG"
440,32,836,18,ETI,"Easter Island Stoneheads",853,20,SVF,"Sugar Valley Firebirds","ETI @ SVF"
441,32,852,60,SHS,"South Hills Shindigaz",837,25,GRH,"Grand River Herons","SHS @ GRH"
442,32,838,37,HAM,"Hamilton Mustangs",851,66,ROC,"Rockford Villains","HAM @ ROC"
443,32,850,19,RIC,"Richfield Oracles",839,9,HIG,"Highland Wolf","RIC @ HIG"
444,32,840,50,ING,"Inglewood Monstars",849,30,PRO,"Providence Sea Bass","ING @ PRO"
445,32,848,17,PIT,"Pitt Intramurals",841,14,ITA,"Italy EBC","PIT @ ITA"
446,32,842,39,MHA,"Maryhill Alumni",847,51,OCW,"Orange County Weststars","MHA @ OCW"
447,32,846,26,NBK,"North Bay Knights",843,54,KAR,"Karolina Kaos","NBK @ KAR"
448,32,844,13,MHT,"Minhattrick Swayzes",845,12,MGG,"Minnesota Golden Gophers","MHT @ MGG"
449,33,857,29,TBP,"Thunder Bay Pike",831,2,AUT,"Autobahn","TBP @ AUT"
450,33,856,24,TEG,"Tegucigalpa Ticklepuss",832,65,BAR,"Barrie Dolts","TEG @ BAR"
451,33,858,15,VHV,"Valhalla Vikings",855,28,TAI,"Taipei Typhoons","VHV @ TAI"
452,33,854,21,SUM,"Sumter Trash",834,58,BFC,"Betty Ford Clinic","SUM @ BFC"
453,33,835,67,DHG,"Devil Hill Goblins",853,20,SVF,"Sugar Valley Firebirds","DHG @ SVF"
454,33,852,60,SHS,"South Hills Shindigaz",836,18,ETI,"Easter Island Stoneheads","SHS @ ETI"
455,33,837,25,GRH,"Grand River Herons",851,66,ROC,"Rockford Villains","GRH @ ROC"
456,33,850,19,RIC,"Richfield Oracles",838,37,HAM,"Hamilton Mustangs","RIC @ HAM"
457,33,839,9,HIG,"Highland Wolf",849,30,PRO,"Providence Sea Bass","HIG @ PRO"
458,33,848,17,PIT,"Pitt Intramurals",840,50,ING,"Inglewood Monstars","PIT @ ING"
459,33,841,14,ITA,"Italy EBC",847,51,OCW,"Orange County Weststars","ITA @ OCW"
460,33,846,26,NBK,"North Bay Knights",842,39,MHA,"Maryhill Alumni","NBK @ MHA"
461,33,843,54,KAR,"Karolina Kaos",845,12,MGG,"Minnesota Golden Gophers","KAR @ MGG"
462,33,844,13,MHT,"Minhattrick Swayzes",859,63,WDY,"Woodlynne Rats","MHT @ WDY"
463,34,831,2,AUT,"Autobahn",856,24,TEG,"Tegucigalpa Ticklepuss","AUT @ TEG"
464,34,857,29,TBP,"Thunder Bay Pike",855,28,TAI,"Taipei Typhoons","TBP @ TAI"
465,34,854,21,SUM,"Sumter Trash",833,49,BAY,"Baytown Thunder","SUM @ BAY"
466,34,858,15,VHV,"Valhalla Vikings",853,20,SVF,"Sugar Valley Firebirds","VHV @ SVF"
467,34,852,60,SHS,"South Hills Shindigaz",835,67,DHG,"Devil Hill Goblins","SHS @ DHG"
468,34,836,18,ETI,"Easter Island Stoneheads",851,66,ROC,"Rockford Villains","ETI @ ROC"
469,34,850,19,RIC,"Richfield Oracles",837,25,GRH,"Grand River Herons","RIC @ GRH"
470,34,838,37,HAM,"Hamilton Mustangs",849,30,PRO,"Providence Sea Bass","HAM @ PRO"
471,34,848,17,PIT,"Pitt Intramurals",839,9,HIG,"Highland Wolf","PIT @ HIG"
472,34,840,50,ING,"Inglewood Monstars",847,51,OCW,"Orange County Weststars","ING @ OCW"
473,34,846,26,NBK,"North Bay Knights",841,14,ITA,"Italy EBC","NBK @ ITA"
474,34,842,39,MHA,"Maryhill Alumni",845,12,MGG,"Minnesota Golden Gophers","MHA @ MGG"
475,34,859,63,WDY,"Woodlynne Rats",843,54,KAR,"Karolina Kaos","WDY @ KAR"
476,34,832,65,BAR,"Barrie Dolts",844,13,MHT,"Minhattrick Swayzes","BAR @ MHT"
477,35,855,28,TAI,"Taipei Typhoons",831,2,AUT,"Autobahn","TAI @ AUT"
478,35,854,21,SUM,"Sumter Trash",832,65,BAR,"Barrie Dolts","SUM @ BAR"
479,35,856,24,TEG,"Tegucigalpa Ticklepuss",853,20,SVF,"Sugar Valley Firebirds","TEG @ SVF"
480,35,852,60,SHS,"South Hills Shindigaz",834,58,BFC,"Betty Ford Clinic","SHS @ BFC"
481,35,857,29,TBP,"Thunder Bay Pike",851,66,ROC,"Rockford Villains","TBP @ ROC"
482,35,850,19,RIC,"Richfield Oracles",836,18,ETI,"Easter Island Stoneheads","RIC @ ETI"
483,35,858,15,VHV,"Valhalla Vikings",849,30,PRO,"Providence Sea Bass","VHV @ PRO"
484,35,848,17,PIT,"Pitt Intramurals",838,37,HAM,"Hamilton Mustangs","PIT @ HAM"
485,35,839,9,HIG,"Highland Wolf",847,51,OCW,"Orange County Weststars","HIG @ OCW"
486,35,846,26,NBK,"North Bay Knights",840,50,ING,"Inglewood Monstars","NBK @ ING"
487,35,841,14,ITA,"Italy EBC",845,12,MGG,"Minnesota Golden Gophers","ITA @ MGG"
488,35,859,63,WDY,"Woodlynne Rats",842,39,MHA,"Maryhill Alumni","WDY @ MHA"
489,35,844,13,MHT,"Minhattrick Swayzes",843,54,KAR,"Karolina Kaos","MHT @ KAR"
490,35,835,67,DHG,"Devil Hill Goblins",833,49,BAY,"Baytown Thunder","DHG @ BAY"
491,36,831,2,AUT,"Autobahn",854,21,SUM,"Sumter Trash","AUT @ SUM"
492,36,855,28,TAI,"Taipei Typhoons",853,20,SVF,"Sugar Valley Firebirds","TAI @ SVF"
493,36,852,60,SHS,"South Hills Shindigaz",833,49,BAY,"Baytown Thunder","SHS @ BAY"
494,36,856,24,TEG,"Tegucigalpa Ticklepuss",851,66,ROC,"Rockford Villains","TEG @ ROC"
495,36,850,19,RIC,"Richfield Oracles",835,67,DHG,"Devil Hill Goblins","RIC @ DHG"
496,36,857,29,TBP,"Thunder Bay Pike",849,30,PRO,"Providence Sea Bass","TBP @ PRO"
497,36,848,17,PIT,"Pitt Intramurals",837,25,GRH,"Grand River Herons","PIT @ GRH"
498,36,858,15,VHV,"Valhalla Vikings",847,51,OCW,"Orange County Weststars","VHV @ OCW"
499,36,846,26,NBK,"North Bay Knights",839,9,HIG,"Highland Wolf","NBK @ HIG"
500,36,840,50,ING,"Inglewood Monstars",845,12,MGG,"Minnesota Golden Gophers","ING @ MGG"
501,36,859,63,WDY,"Woodlynne Rats",841,14,ITA,"Italy EBC","WDY @ ITA"
502,36,844,13,MHT,"Minhattrick Swayzes",842,39,MHA,"Maryhill Alumni","MHT @ MHA"
503,36,838,37,HAM,"Hamilton Mustangs",834,58,BFC,"Betty Ford Clinic","HAM @ BFC"
504,36,832,65,BAR,"Barrie Dolts",836,18,ETI,"Easter Island Stoneheads","BAR @ ETI"
505,37,853,20,SVF,"Sugar Valley Firebirds",831,2,AUT,"Autobahn","SVF @ AUT"
506,37,852,60,SHS,"South Hills Shindigaz",832,65,BAR,"Barrie Dolts","SHS @ BAR"
507,37,854,21,SUM,"Sumter Trash",851,66,ROC,"Rockford Villains","SUM @ ROC"
508,37,850,19,RIC,"Richfield Oracles",834,58,BFC,"Betty Ford Clinic","RIC @ BFC"
509,37,855,28,TAI,"Taipei Typhoons",849,30,PRO,"Providence Sea Bass","TAI @ PRO"
510,37,848,17,PIT,"Pitt Intramurals",836,18,ETI,"Easter Island Stoneheads","PIT @ ETI"
511,37,856,24,TEG,"Tegucigalpa Ticklepuss",847,51,OCW,"Orange County Weststars","TEG @ OCW"
512,37,846,26,NBK,"North Bay Knights",838,37,HAM,"Hamilton Mustangs","NBK @ HAM"
513,37,857,29,TBP,"Thunder Bay Pike",845,12,MGG,"Minnesota Golden Gophers","TBP @ MGG"
514,37,859,63,WDY,"Woodlynne Rats",840,50,ING,"Inglewood Monstars","WDY @ ING"
515,37,844,13,MHT,"Minhattrick Swayzes",841,14,ITA,"Italy EBC","MHT @ ITA"
516,37,842,39,MHA,"Maryhill Alumni",858,15,VHV,"Valhalla Vikings","MHA @ VHV"
517,37,833,49,BAY,"Baytown Thunder",843,54,KAR,"Karolina Kaos","BAY @ KAR"
518,37,837,25,GRH,"Grand River Herons",835,67,DHG,"Devil Hill Goblins","GRH @ DHG"
519,38,831,2,AUT,"Autobahn",852,60,SHS,"South Hills Shindigaz","AUT @ SHS"
520,38,853,20,SVF,"Sugar Valley Firebirds",851,66,ROC,"Rockford Villains","SVF @ ROC"
521,38,850,19,RIC,"Richfield Oracles",833,49,BAY,"Baytown Thunder","RIC @ BAY"
522,38,854,21,SUM,"Sumter Trash",849,30,PRO,"Providence Sea Bass","SUM @ PRO"
523,38,848,17,PIT,"Pitt Intramurals",835,67,DHG,"Devil Hill Goblins","PIT @ DHG"
524,38,855,28,TAI,"Taipei Typhoons",847,51,OCW,"Orange County Weststars","TAI @ OCW"
525,38,846,26,NBK,"North Bay Knights",837,25,GRH,"Grand River Herons","NBK @ GRH"
526,38,856,24,TEG,"Tegucigalpa Ticklepuss",845,12,MGG,"Minnesota Golden Gophers","TEG @ MGG"
527,38,859,63,WDY,"Woodlynne Rats",839,9,HIG,"Highland Wolf","WDY @ HIG"
528,38,844,13,MHT,"Minhattrick Swayzes",840,50,ING,"Inglewood Monstars","MHT @ ING"
529,38,841,14,ITA,"Italy EBC",857,29,TBP,"Thunder Bay Pike","ITA @ TBP"
530,38,843,54,KAR,"Karolina Kaos",842,39,MHA,"Maryhill Alumni","KAR @ MHA"
531,38,834,58,BFC,"Betty Ford Clinic",858,15,VHV,"Valhalla Vikings","BFC @ VHV"
532,38,832,65,BAR,"Barrie Dolts",838,37,HAM,"Hamilton Mustangs","BAR @ HAM"
533,39,851,66,ROC,"Rockford Villains",831,2,AUT,"Autobahn","ROC @ AUT"
534,39,850,19,RIC,"Richfield Oracles",832,65,BAR,"Barrie Dolts","RIC @ BAR"
535,39,852,60,SHS,"South Hills Shindigaz",849,30,PRO,"Providence Sea Bass","SHS @ PRO"
536,39,848,17,PIT,"Pitt Intramurals",834,58,BFC,"Betty Ford Clinic","PIT @ BFC"
537,39,853,20,SVF,"Sugar Valley Firebirds",847,51,OCW,"Orange County Weststars","SVF @ OCW"
538,39,846,26,NBK,"North Bay Knights",836,18,ETI,"Easter Island Stoneheads","NBK @ ETI"
539,39,854,21,SUM,"Sumter Trash",845,12,MGG,"Minnesota Golden Gophers","SUM @ MGG"
540,39,859,63,WDY,"Woodlynne Rats",838,37,HAM,"Hamilton Mustangs","WDY @ HAM"
541,39,844,13,MHT,"Minhattrick Swayzes",839,9,HIG,"Highland Wolf","MHT @ HIG"
542,39,840,50,ING,"Inglewood Monstars",856,24,TEG,"Tegucigalpa Ticklepuss","ING @ TEG"
543,39,843,54,KAR,"Karolina Kaos",841,14,ITA,"Italy EBC","KAR @ ITA"
544,39,842,39,MHA,"Maryhill Alumni",857,29,TBP,"Thunder Bay Pike","MHA @ TBP"
545,39,855,28,TAI,"Taipei Typhoons",833,49,BAY,"Baytown Thunder","TAI @ BAY"
546,39,858,15,VHV,"Valhalla Vikings",837,25,GRH,"Grand River Herons","VHV @ GRH"
547,40,831,2,AUT,"Autobahn",850,19,RIC,"Richfield Oracles","AUT @ RIC"
548,40,851,66,ROC,"Rockford Villains",849,30,PRO,"Providence Sea Bass","ROC @ PRO"
549,40,848,17,PIT,"Pitt Intramurals",833,49,BAY,"Baytown Thunder","PIT @ BAY"
550,40,852,60,SHS,"South Hills Shindigaz",847,51,OCW,"Orange County Weststars","SHS @ OCW"
551,40,846,26,NBK,"North Bay Knights",835,67,DHG,"Devil Hill Goblins","NBK @ DHG"
552,40,853,20,SVF,"Sugar Valley Firebirds",845,12,MGG,"Minnesota Golden Gophers","SVF @ MGG"
553,40,859,63,WDY,"Woodlynne Rats",837,25,GRH,"Grand River Herons","WDY @ GRH"
554,40,844,13,MHT,"Minhattrick Swayzes",838,37,HAM,"Hamilton Mustangs","MHT @ HAM"
555,40,839,9,HIG,"Highland Wolf",855,28,TAI,"Taipei Typhoons","HIG @ TAI"
556,40,843,54,KAR,"Karolina Kaos",840,50,ING,"Inglewood Monstars","KAR @ ING"
557,40,841,14,ITA,"Italy EBC",856,24,TEG,"Tegucigalpa Ticklepuss","ITA @ TEG"
558,40,836,18,ETI,"Easter Island Stoneheads",842,39,MHA,"Maryhill Alumni","ETI @ MHA"
559,40,834,58,BFC,"Betty Ford Clinic",857,29,TBP,"Thunder Bay Pike","BFC @ TBP"
560,40,854,21,SUM,"Sumter Trash",858,15,VHV,"Valhalla Vikings","SUM @ VHV"
561,41,849,30,PRO,"Providence Sea Bass",831,2,AUT,"Autobahn","PRO @ AUT"
562,41,848,17,PIT,"Pitt Intramurals",832,65,BAR,"Barrie Dolts","PIT @ BAR"
563,41,851,66,ROC,"Rockford Villains",847,51,OCW,"Orange County Weststars","ROC @ OCW"
564,41,846,26,NBK,"North Bay Knights",834,58,BFC,"Betty Ford Clinic","NBK @ BFC"
565,41,852,60,SHS,"South Hills Shindigaz",845,12,MGG,"Minnesota Golden Gophers","SHS @ MGG"
566,41,859,63,WDY,"Woodlynne Rats",836,18,ETI,"Easter Island Stoneheads","WDY @ ETI"
567,41,837,25,GRH,"Grand River Herons",853,20,SVF,"Sugar Valley Firebirds","GRH @ SVF"
568,41,843,54,KAR,"Karolina Kaos",838,37,HAM,"Hamilton Mustangs","KAR @ HAM"
569,41,839,9,HIG,"Highland Wolf",854,21,SUM,"Sumter Trash","HIG @ SUM"
570,41,841,14,ITA,"Italy EBC",840,50,ING,"Inglewood Monstars","ITA @ ING"
571,41,842,39,MHA,"Maryhill Alumni",855,28,TAI,"Taipei Typhoons","MHA @ TAI"
572,41,856,24,TEG,"Tegucigalpa Ticklepuss",844,13,MHT,"Minhattrick Swayzes","TEG @ MHT"
573,41,833,49,BAY,"Baytown Thunder",858,15,VHV,"Valhalla Vikings","BAY @ VHV"
574,41,857,29,TBP,"Thunder Bay Pike",835,67,DHG,"Devil Hill Goblins","TBP @ DHG"
575,42,831,2,AUT,"Autobahn",848,17,PIT,"Pitt Intramurals","AUT @ PIT"
576,42,849,30,PRO,"Providence Sea Bass",847,51,OCW,"Orange County Weststars","PRO @ OCW"
577,42,846,26,NBK,"North Bay Knights",833,49,BAY,"Baytown Thunder","NBK @ BAY"
578,42,851,66,ROC,"Rockford Villains",845,12,MGG,"Minnesota Golden Gophers","ROC @ MGG"
579,42,859,63,WDY,"Woodlynne Rats",835,67,DHG,"Devil Hill Goblins","WDY @ DHG"
580,42,836,18,ETI,"Easter Island Stoneheads",844,13,MHT,"Minhattrick Swayzes","ETI @ MHT"
581,42,843,54,KAR,"Karolina Kaos",837,25,GRH,"Grand River Herons","KAR @ GRH"
582,42,838,37,HAM,"Hamilton Mustangs",853,20,SVF,"Sugar Valley Firebirds","HAM @ SVF"
583,42,841,14,ITA,"Italy EBC",839,9,HIG,"Highland Wolf","ITA @ HIG"
584,42,840,50,ING,"Inglewood Monstars",852,60,SHS,"South Hills Shindigaz","ING @ SHS"
585,42,842,39,MHA,"Maryhill Alumni",854,21,SUM,"Sumter Trash","MHA @ SUM"
586,42,846,26,NBK,"North Bay Knights",850,19,RIC,"Richfield Oracles","NBK @ RIC"
587,42,855,28,TAI,"Taipei Typhoons",834,58,BFC,"Betty Ford Clinic","TAI @ BFC"
588,42,858,15,VHV,"Valhalla Vikings",856,24,TEG,"Tegucigalpa Ticklepuss","VHV @ TEG"
589,43,847,51,OCW,"Orange County Weststars",831,2,AUT,"Autobahn","OCW @ AUT"
590,43,846,26,NBK,"North Bay Knights",832,65,BAR,"Barrie Dolts","NBK @ BAR"
591,43,849,30,PRO,"Providence Sea Bass",845,12,MGG,"Minnesota Golden Gophers","PRO @ MGG"
592,43,859,63,WDY,"Woodlynne Rats",834,58,BFC,"Betty Ford Clinic","WDY @ BFC"
593,43,835,67,DHG,"Devil Hill Goblins",851,66,ROC,"Rockford Villains","DHG @ ROC"
594,43,843,54,KAR,"Karolina Kaos",836,18,ETI,"Easter Island Stoneheads","KAR @ ETI"
595,43,837,25,GRH,"Grand River Herons",844,13,MHT,"Minhattrick Swayzes","GRH @ MHT"
596,43,841,14,ITA,"Italy EBC",838,37,HAM,"Hamilton Mustangs","ITA @ HAM"
597,43,839,9,HIG,"Highland Wolf",852,60,SHS,"South Hills Shindigaz","HIG @ SHS"
598,43,842,39,MHA,"Maryhill Alumni",840,50,ING,"Inglewood Monstars","MHA @ ING"
599,43,848,17,PIT,"Pitt Intramurals",853,20,SVF,"Sugar Valley Firebirds","PIT @ SVF"
600,43,854,21,SUM,"Sumter Trash",850,19,RIC,"Richfield Oracles","SUM @ RIC"
601,43,833,49,BAY,"Baytown Thunder",856,24,TEG,"Tegucigalpa Ticklepuss","BAY @ TEG"
602,43,858,15,VHV,"Valhalla Vikings",857,29,TBP,"Thunder Bay Pike","VHV @ TBP"
603,44,831,2,AUT,"Autobahn",846,26,NBK,"North Bay Knights","AUT @ NBK"
604,44,847,51,OCW,"Orange County Weststars",845,12,MGG,"Minnesota Golden Gophers","OCW @ MGG"
605,44,859,63,WDY,"Woodlynne Rats",833,49,BAY,"Baytown Thunder","WDY @ BAY"
606,44,834,58,BFC,"Betty Ford Clinic",849,30,PRO,"Providence Sea Bass","BFC @ PRO"
607,44,843,54,KAR,"Karolina Kaos",835,67,DHG,"Devil Hill Goblins","KAR @ DHG"
608,44,851,66,ROC,"Rockford Villains",844,13,MHT,"Minhattrick Swayzes","ROC @ MHT"
609,44,841,14,ITA,"Italy EBC",837,25,GRH,"Grand River Herons","ITA @ GRH"
610,44,838,37,HAM,"Hamilton Mustangs",836,18,ETI,"Easter Island Stoneheads","HAM @ ETI"
611,44,842,39,MHA,"Maryhill Alumni",839,9,HIG,"Highland Wolf","MHA @ HIG"
612,44,840,50,ING,"Inglewood Monstars",851,66,ROC,"Rockford Villains","ING @ ROC"
613,44,850,19,RIC,"Richfield Oracles",848,17,PIT,"Pitt Intramurals","RIC @ PIT"
614,44,853,20,SVF,"Sugar Valley Firebirds",852,60,SHS,"South Hills Shindigaz","SVF @ SHS"
615,44,832,65,BAR,"Barrie Dolts",857,29,TBP,"Thunder Bay Pike","BAR @ TBP"
616,44,856,24,TEG,"Tegucigalpa Ticklepuss",855,28,TAI,"Taipei Typhoons","TEG @ TAI"
617,45,845,12,MGG,"Minnesota Golden Gophers",831,2,AUT,"Autobahn","MGG @ AUT"
618,45,859,63,WDY,"Woodlynne Rats",832,65,BAR,"Barrie Dolts","WDY @ BAR"
619,45,833,49,BAY,"Baytown Thunder",846,26,NBK,"North Bay Knights","BAY @ NBK"
620,45,843,54,KAR,"Karolina Kaos",834,58,BFC,"Betty Ford Clinic","KAR @ BFC"
621,45,849,30,PRO,"Providence Sea Bass",844,13,MHT,"Minhattrick Swayzes","PRO @ MHT"
622,45,841,14,ITA,"Italy EBC",836,18,ETI,"Easter Island Stoneheads","ITA @ ETI"
623,45,837,25,GRH,"Grand River Herons",835,67,DHG,"Devil Hill Goblins","GRH @ DHG"
624,45,842,39,MHA,"Maryhill Alumni",838,37,HAM,"Hamilton Mustangs","MHA @ HAM"
625,45,839,9,HIG,"Highland Wolf",847,51,OCW,"Orange County Weststars","HIG @ OCW"
626,45,848,17,PIT,"Pitt Intramurals",840,50,ING,"Inglewood Monstars","PIT @ ING"
627,45,852,60,SHS,"South Hills Shindigaz",850,19,RIC,"Richfield Oracles","SHS @ RIC"
628,45,854,21,SUM,"Sumter Trash",853,20,SVF,"Sugar Valley Firebirds","SUM @ SVF"
629,45,855,28,TAI,"Taipei Typhoons",858,15,VHV,"Valhalla Vikings","TAI @ VHV"
630,45,857,29,TBP,"Thunder Bay Pike",856,24,TEG,"Tegucigalpa Ticklepuss","TBP @ TEG"
631,46,831,2,AUT,"Autobahn",844,13,MHT,"Minhattrick Swayzes","AUT @ MHT"
632,46,832,65,BAR,"Barrie Dolts",845,12,MGG,"Minnesota Golden Gophers","BAR @ MGG"
633,46,843,54,KAR,"Karolina Kaos",833,49,BAY,"Baytown Thunder","KAR @ BAY"
634,46,834,58,BFC,"Betty Ford Clinic",846,26,NBK,"North Bay Knights","BFC @ NBK"
635,46,841,14,ITA,"Italy EBC",835,67,DHG,"Devil Hill Goblins","ITA @ DHG"
636,46,836,18,ETI,"Easter Island Stoneheads",849,30,PRO,"Providence Sea Bass","ETI @ PRO"
637,46,842,39,MHA,"Maryhill Alumni",837,25,GRH,"Grand River Herons","MHA @ GRH"
638,46,838,37,HAM,"Hamilton Mustangs",847,51,OCW,"Orange County Weststars","HAM @ OCW"
639,46,848,17,PIT,"Pitt Intramurals",839,9,HIG,"Highland Wolf","PIT @ HIG"
640,46,850,19,RIC,"Richfield Oracles",840,50,ING,"Inglewood Monstars","RIC @ ING"
641,46,852,60,SHS,"South Hills Shindigaz",851,66,ROC,"Rockford Villains","SHS @ ROC"
642,46,859,63,WDY,"Woodlynne Rats",853,20,SVF,"Sugar Valley Firebirds","WDY @ SVF"
643,46,855,28,TAI,"Taipei Typhoons",857,29,TBP,"Thunder Bay Pike","TAI @ TBP"
644,46,856,24,TEG,"Tegucigalpa Ticklepuss",858,15,VHV,"Valhalla Vikings","TEG @ VHV"
645,47,843,54,KAR,"Karolina Kaos",831,2,AUT,"Autobahn","KAR @ AUT"
646,47,844,13,MHT,"Minhattrick Swayzes",832,65,BAR,"Barrie Dolts","MHT @ BAR"
647,47,833,49,BAY,"Baytown Thunder",841,14,ITA,"Italy EBC","BAY @ ITA"
648,47,845,12,MGG,"Minnesota Golden Gophers",834,58,BFC,"Betty Ford Clinic","MGG @ BFC"
649,47,835,67,DHG,"Devil Hill Goblins",842,39,MHA,"Maryhill Alumni","DHG @ MHA"
650,47,846,26,NBK,"North Bay Knights",836,18,ETI,"Easter Island Stoneheads","NBK @ ETI"
651,47,837,25,GRH,"Grand River Herons",847,51,OCW,"Orange County Weststars","GRH @ OCW"
652,47,848,17,PIT,"Pitt Intramurals",838,37,HAM,"Hamilton Mustangs","PIT @ HAM"
653,47,839,9,HIG,"Highland Wolf",849,30,PRO,"Providence Sea Bass","HIG @ PRO"
654,47,851,66,ROC,"Rockford Villains",840,50,ING,"Inglewood Monstars","ROC @ ING"
655,47,859,63,WDY,"Woodlynne Rats",852,60,SHS,"South Hills Shindigaz","WDY @ SHS"
656,47,853,20,SVF,"Sugar Valley Firebirds",850,19,RIC,"Richfield Oracles","SVF @ RIC"
657,47,857,29,TBP,"Thunder Bay Pike",854,21,SUM,"Sumter Trash","TBP @ SUM"
658,47,858,15,VHV,"Valhalla Vikings",855,28,TAI,"Taipei Typhoons","VHV @ TAI"
659,48,831,2,AUT,"Autobahn",842,39,MHA,"Maryhill Alumni","AUT @ MHA"
660,48,832,65,BAR,"Barrie Dolts",843,54,KAR,"Karolina Kaos","BAR @ KAR"
661,48,844,13,MHT,"Minhattrick Swayzes",833,49,BAY,"Baytown Thunder","MHT @ BAY"
662,48,834,58,BFC,"Betty Ford Clinic",841,14,ITA,"Italy EBC","BFC @ ITA"
663,48,845,12,MGG,"Minnesota Golden Gophers",835,67,DHG,"Devil Hill Goblins","MGG @ DHG"
664,48,836,18,ETI,"Easter Island Stoneheads",847,51,OCW,"Orange County Weststars","ETI @ OCW"
665,48,846,26,NBK,"North Bay Knights",837,25,GRH,"Grand River Herons","NBK @ GRH"
666,48,838,37,HAM,"Hamilton Mustangs",848,17,PIT,"Pitt Intramurals","HAM @ PIT"
667,48,850,19,RIC,"Richfield Oracles",839,9,HIG,"Highland Wolf","RIC @ HIG"
668,48,849,30,PRO,"Providence Sea Bass",851,66,ROC,"Rockford Villains","PRO @ ROC"
669,48,852,60,SHS,"South Hills Shindigaz",840,50,ING,"Inglewood Monstars","SHS @ ING"
670,48,859,63,WDY,"Woodlynne Rats",854,21,SUM,"Sumter Trash","WDY @ SUM"
671,48,857,29,TBP,"Thunder Bay Pike",853,20,SVF,"Sugar Valley Firebirds","TBP @ SVF"
672,48,855,28,TAI,"Taipei Typhoons",856,24,TEG,"Tegucigalpa Ticklepuss","TAI @ TEG"
673,49,841,14,ITA,"Italy EBC",831,2,AUT,"Autobahn","ITA @ AUT"
674,49,842,39,MHA,"Maryhill Alumni",832,65,BAR,"Barrie Dolts","MHA @ BAR"
675,49,833,49,BAY,"Baytown Thunder",843,54,KAR,"Karolina Kaos","BAY @ KAR"
676,49,844,13,MHT,"Minhattrick Swayzes",834,58,BFC,"Betty Ford Clinic","MHT @ BFC"
677,49,835,67,DHG,"Devil Hill Goblins",847,51,OCW,"Orange County Weststars","DHG @ OCW"
678,49,845,12,MGG,"Minnesota Golden Gophers",836,18,ETI,"Easter Island Stoneheads","MGG @ ETI"
679,49,837,25,GRH,"Grand River Herons",848,17,PIT,"Pitt Intramurals","GRH @ PIT"
680,49,846,26,NBK,"North Bay Knights",838,37,HAM,"Hamilton Mustangs","NBK @ HAM"
681,49,851,66,ROC,"Rockford Villains",839,9,HIG,"Highland Wolf","ROC @ HIG"
682,49,850,19,RIC,"Richfield Oracles",849,30,PRO,"Providence Sea Bass","RIC @ PRO"
683,49,854,21,SUM,"Sumter Trash",840,50,ING,"Inglewood Monstars","SUM @ ING"
684,49,852,60,SHS,"South Hills Shindigaz",859,63,WDY,"Woodlynne Rats","SHS @ WDY"
685,49,853,20,SVF,"Sugar Valley Firebirds",857,29,TBP,"Thunder Bay Pike","SVF @ TBP"
686,49,856,24,TEG,"Tegucigalpa Ticklepuss",858,15,VHV,"Valhalla Vikings","TEG @ VHV"
687,50,831,2,AUT,"Autobahn",840,50,ING,"Inglewood Monstars","AUT @ ING"
688,50,832,65,BAR,"Barrie Dolts",841,14,ITA,"Italy EBC","BAR @ ITA"
689,50,842,39,MHA,"Maryhill Alumni",833,49,BAY,"Baytown Thunder","MHA @ BAY"
690,50,834,58,BFC,"Betty Ford Clinic",843,54,KAR,"Karolina Kaos","BFC @ KAR"
691,50,844,13,MHT,"Minhattrick Swayzes",835,67,DHG,"Devil Hill Goblins","MHT @ DHG"
692,50,836,18,ETI,"Easter Island Stoneheads",848,17,PIT,"Pitt Intramurals","ETI @ PIT"
693,50,847,51,OCW,"Orange County Weststars",837,25,GRH,"Grand River Herons","OCW @ GRH"
694,50,838,37,HAM,"Hamilton Mustangs",845,12,MGG,"Minnesota Golden Gophers","HAM @ MGG"
695,50,849,30,PRO,"Providence Sea Bass",839,9,HIG,"Highland Wolf","PRO @ HIG"
696,50,851,66,ROC,"Rockford Villains",850,19,RIC,"Richfield Oracles","ROC @ RIC"
697,50,846,26,NBK,"North Bay Knights",859,63,WDY,"Woodlynne Rats","NBK @ WDY"
698,50,854,21,SUM,"Sumter Trash",852,60,SHS,"South Hills Shindigaz","SUM @ SHS"
699,50,853,20,SVF,"Sugar Valley Firebirds",856,24,TEG,"Tegucigalpa Ticklepuss","SVF @ TEG"
700,50,857,29,TBP,"Thunder Bay Pike",855,28,TAI,"Taipei Typhoons","TBP @ TAI"
701,51,839,9,HIG,"Highland Wolf",831,2,AUT,"Autobahn","HIG @ AUT"
702,51,840,50,ING,"Inglewood Monstars",832,65,BAR,"Barrie Dolts","ING @ BAR"
703,51,833,49,BAY,"Baytown Thunder",841,14,ITA,"Italy EBC","BAY @ ITA"
704,51,842,39,MHA,"Maryhill Alumni",834,58,BFC,"Betty Ford Clinic","MHA @ BFC"
705,51,835,67,DHG,"Devil Hill Goblins",843,54,KAR,"Karolina Kaos","DHG @ KAR"
706,51,844,13,MHT,"Minhattrick Swayzes",836,18,ETI,"Easter Island Stoneheads","MHT @ ETI"
707,51,837,25,GRH,"Grand River Herons",845,12,MGG,"Minnesota Golden Gophers","GRH @ MGG"
708,51,847,51,OCW,"Orange County Weststars",838,37,HAM,"Hamilton Mustangs","OCW @ HAM"
709,51,848,17,PIT,"Pitt Intramurals",850,19,RIC,"Richfield Oracles","PIT @ RIC"
710,51,851,66,ROC,"Rockford Villains",849,30,PRO,"Providence Sea Bass","ROC @ PRO"
711,51,854,21,SUM,"Sumter Trash",859,63,WDY,"Woodlynne Rats","SUM @ WDY"
712,51,852,60,SHS,"South Hills Shindigaz",846,26,NBK,"North Bay Knights","SHS @ NBK"
713,51,853,20,SVF,"Sugar Valley Firebirds",855,28,TAI,"Taipei Typhoons","SVF @ TAI"
714,51,858,15,VHV,"Valhalla Vikings",857,29,TBP,"Thunder Bay Pike","VHV @ TBP"
715,52,831,2,AUT,"Autobahn",838,37,HAM,"Hamilton Mustangs","AUT @ HAM"
716,52,832,65,BAR,"Barrie Dolts",839,9,HIG,"Highland Wolf","BAR @ HIG"
717,52,840,50,ING,"Inglewood Monstars",833,49,BAY,"Baytown Thunder","ING @ BAY"
718,52,841,14,ITA,"Italy EBC",834,58,BFC,"Betty Ford Clinic","ITA @ BFC"
719,52,842,39,MHA,"Maryhill Alumni",835,67,DHG,"Devil Hill Goblins","MHA @ DHG"
720,52,836,18,ETI,"Easter Island Stoneheads",843,54,KAR,"Karolina Kaos","ETI @ KAR"
721,52,844,13,MHT,"Minhattrick Swayzes",837,25,GRH,"Grand River Herons","MHT @ GRH"
722,52,847,51,OCW,"Orange County Weststars",845,12,MGG,"Minnesota Golden Gophers","OCW @ MGG"
723,52,846,26,NBK,"North Bay Knights",850,19,RIC,"Richfield Oracles","NBK @ RIC"
724,52,851,66,ROC,"Rockford Villains",848,17,PIT,"Pitt Intramurals","ROC @ PIT"
725,52,849,30,PRO,"Providence Sea Bass",852,60,SHS,"South Hills Shindigaz","PRO @ SHS"
726,52,856,24,TEG,"Tegucigalpa Ticklepuss",854,21,SUM,"Sumter Trash","TEG @ SUM"
727,52,858,15,VHV,"Valhalla Vikings",853,20,SVF,"Sugar Valley Firebirds","VHV @ SVF"
728,52,855,28,TAI,"Taipei Typhoons",859,63,WDY,"Woodlynne Rats","TAI @ WDY"
729,53,837,25,GRH,"Grand River Herons",831,2,AUT,"Autobahn","GRH @ AUT"
730,53,838,37,HAM,"Hamilton Mustangs",832,65,BAR,"Barrie Dolts","HAM @ BAR"
731,53,833,49,BAY,"Baytown Thunder",839,9,HIG,"Highland Wolf","BAY @ HIG"
732,53,840,50,ING,"Inglewood Monstars",834,58,BFC,"Betty Ford Clinic","ING @ BFC"
733,53,835,67,DHG,"Devil Hill Goblins",841,14,ITA,"Italy EBC","DHG @ ITA"
734,53,842,39,MHA,"Maryhill Alumni",836,18,ETI,"Easter Island Stoneheads","MHA @ ETI"
735,53,845,12,MGG,"Minnesota Golden Gophers",843,54,KAR,"Karolina Kaos","MGG @ KAR"
736,53,844,13,MHT,"Minhattrick Swayzes",838,37,HAM,"Hamilton Mustangs","MHT @ HAM"
737,53,846,26,NBK,"North Bay Knights",848,17,PIT,"Pitt Intramurals","NBK @ PIT"
738,53,847,51,OCW,"Orange County Weststars",850,19,RIC,"Richfield Oracles","OCW @ RIC"
739,53,851,66,ROC,"Rockford Villains",852,60,SHS,"South Hills Shindigaz","ROC @ SHS"
740,53,856,24,TEG,"Tegucigalpa Ticklepuss",849,30,PRO,"Providence Sea Bass","TEG @ PRO"
741,53,858,15,VHV,"Valhalla Vikings",854,21,SUM,"Sumter Trash","VHV @ SUM"
742,53,859,63,WDY,"Woodlynne Rats",857,29,TBP,"Thunder Bay Pike","WDY @ TBP"
743,54,831,2,AUT,"Autobahn",836,18,ETI,"Easter Island Stoneheads","AUT @ ETI"
744,54,832,65,BAR,"Barrie Dolts",837,25,GRH,"Grand River Herons","BAR @ GRH"
745,54,838,37,HAM,"Hamilton Mustangs",833,49,BAY,"Baytown Thunder","HAM @ BAY"
746,54,834,58,BFC,"Betty Ford Clinic",839,9,HIG,"Highland Wolf","BFC @ HIG"
747,54,840,50,ING,"Inglewood Monstars",835,67,DHG,"Devil Hill Goblins","ING @ DHG"
748,54,845,12,MGG,"Minnesota Golden Gophers",841,14,ITA,"Italy EBC","MGG @ ITA"
749,54,844,13,MHT,"Minhattrick Swayzes",842,39,MHA,"Maryhill Alumni","MHT @ MHA"
750,54,847,51,OCW,"Orange County Weststars",846,26,NBK,"North Bay Knights","OCW @ NBK"
751,54,852,60,SHS,"South Hills Shindigaz",848,17,PIT,"Pitt Intramurals","SHS @ PIT"
752,54,856,24,TEG,"Tegucigalpa Ticklepuss",850,19,RIC,"Richfield Oracles","TEG @ RIC"
753,54,858,15,VHV,"Valhalla Vikings",851,66,ROC,"Rockford Villains","VHV @ ROC"
754,54,857,29,TBP,"Thunder Bay Pike",849,30,PRO,"Providence Sea Bass","TBP @ PRO"
755,54,855,28,TAI,"Taipei Typhoons",853,20,SVF,"Sugar Valley Firebirds","TAI @ SVF"
756,54,854,21,SUM,"Sumter Trash",843,54,KAR,"Karolina Kaos","SUM @ KAR"
757,55,835,67,DHG,"Devil Hill Goblins",831,2,AUT,"Autobahn","DHG @ AUT"
758,55,836,18,ETI,"Easter Island Stoneheads",832,65,BAR,"Barrie Dolts","ETI @ BAR"
759,55,833,49,BAY,"Baytown Thunder",837,25,GRH,"Grand River Herons","BAY @ GRH"
760,55,838,37,HAM,"Hamilton Mustangs",834,58,BFC,"Betty Ford Clinic","HAM @ BFC"
761,55,845,12,MGG,"Minnesota Golden Gophers",839,9,HIG,"Highland Wolf","MGG @ HIG"
762,55,844,13,MHT,"Minhattrick Swayzes",840,50,ING,"Inglewood Monstars","MHT @ ING"
763,55,847,51,OCW,"Orange County Weststars",841,14,ITA,"Italy EBC","OCW @ ITA"
764,55,848,17,PIT,"Pitt Intramurals",842,39,MHA,"Maryhill Alumni","PIT @ MHA"
765,55,856,24,TEG,"Tegucigalpa Ticklepuss",846,26,NBK,"North Bay Knights","TEG @ NBK"
766,55,858,15,VHV,"Valhalla Vikings",847,51,OCW,"Orange County Weststars","VHV @ OCW"
767,55,857,29,TBP,"Thunder Bay Pike",852,60,SHS,"South Hills Shindigaz","TBP @ SHS"
768,55,855,28,TAI,"Taipei Typhoons",850,19,RIC,"Richfield Oracles","TAI @ RIC"
769,55,854,21,SUM,"Sumter Trash",851,66,ROC,"Rockford Villains","SUM @ ROC"
770,55,853,20,SVF,"Sugar Valley Firebirds",849,30,PRO,"Providence Sea Bass","SVF @ PRO"
771,56,831,2,AUT,"Autobahn",834,58,BFC,"Betty Ford Clinic","AUT @ BFC"
772,56,832,65,BAR,"Barrie Dolts",835,67,DHG,"Devil Hill Goblins","BAR @ DHG"
773,56,836,18,ETI,"Easter Island Stoneheads",833,49,BAY,"Baytown Thunder","ETI @ BAY"
774,56,845,12,MGG,"Minnesota Golden Gophers",837,25,GRH,"Grand River Herons","MGG @ GRH"
775,56,844,13,MHT,"Minhattrick Swayzes",838,37,HAM,"Hamilton Mustangs","MHT @ HAM"
776,56,847,51,OCW,"Orange County Weststars",839,9,HIG,"Highland Wolf","OCW @ HIG"
777,56,848,17,PIT,"Pitt Intramurals",840,50,ING,"Inglewood Monstars","PIT @ ING"
778,56,846,26,NBK,"North Bay Knights",841,14,ITA,"Italy EBC","NBK @ ITA"
779,56,856,24,TEG,"Tegucigalpa Ticklepuss",842,39,MHA,"Maryhill Alumni","TEG @ MHA"
780,56,858,15,VHV,"Valhalla Vikings",843,54,KAR,"Karolina Kaos","VHV @ KAR"
781,56,850,19,RIC,"Richfield Oracles",857,29,TBP,"Thunder Bay Pike","RIC @ TBP"
782,56,855,28,TAI,"Taipei Typhoons",852,60,SHS,"South Hills Shindigaz","TAI @ SHS"
783,56,853,20,SVF,"Sugar Valley Firebirds",854,21,SUM,"Sumter Trash","SVF @ SUM"
784,56,851,66,ROC,"Rockford Villains",859,63,WDY,"Woodlynne Rats","ROC @ WDY"
785,57,833,49,BAY,"Baytown Thunder",831,2,AUT,"Autobahn","BAY @ AUT"
786,57,834,58,BFC,"Betty Ford Clinic",832,65,BAR,"Barrie Dolts","BFC @ BAR"
787,57,845,12,MGG,"Minnesota Golden Gophers",835,67,DHG,"Devil Hill Goblins","MGG @ DHG"
788,57,844,13,MHT,"Minhattrick Swayzes",836,18,ETI,"Easter Island Stoneheads","MHT @ ETI"
789,57,847,51,OCW,"Orange County Weststars",837,25,GRH,"Grand River Herons","OCW @ GRH"
790,57,848,17,PIT,"Pitt Intramurals",838,37,HAM,"Hamilton Mustangs","PIT @ HAM"
791,57,846,26,NBK,"North Bay Knights",839,9,HIG,"Highland Wolf","NBK @ HIG"
792,57,856,24,TEG,"Tegucigalpa Ticklepuss",840,50,ING,"Inglewood Monstars","TEG @ ING"
793,57,858,15,VHV,"Valhalla Vikings",841,14,ITA,"Italy EBC","VHV @ ITA"
794,57,857,29,TBP,"Thunder Bay Pike",842,39,MHA,"Maryhill Alumni","TBP @ MHA"
795,57,855,28,TAI,"Taipei Typhoons",843,54,KAR,"Karolina Kaos","TAI @ KAR"
796,57,849,30,PRO,"Providence Sea Bass",853,20,SVF,"Sugar Valley Firebirds","PRO @ SVF"
797,57,854,21,SUM,"Sumter Trash",850,19,RIC,"Richfield Oracles","SUM @ RIC"
798,57,852,60,SHS,"South Hills Shindigaz",859,63,WDY,"Woodlynne Rats","SHS @ WDY"
799,58,831,2,AUT,"Autobahn",832,65,BAR,"Barrie Dolts","AUT @ BAR"
800,58,845,12,MGG,"Minnesota Golden Gophers",833,49,BAY,"Baytown Thunder","MGG @ BAY"
801,58,844,13,MHT,"Minhattrick Swayzes",834,58,BFC,"Betty Ford Clinic","MHT @ BFC"
802,58,847,51,OCW,"Orange County Weststars",835,67,DHG,"Devil Hill Goblins","OCW @ DHG"
803,58,848,17,PIT,"Pitt Intramurals",836,18,ETI,"Easter Island Stoneheads","PIT @ ETI"
804,58,846,26,NBK,"North Bay Knights",837,25,GRH,"Grand River Herons","NBK @ GRH"
805,58,856,24,TEG,"Tegucigalpa Ticklepuss",838,37,HAM,"Hamilton Mustangs","TEG @ HAM"
806,58,858,15,VHV,"Valhalla Vikings",839,9,HIG,"Highland Wolf","VHV @ HIG"
807,58,857,29,TBP,"Thunder Bay Pike",840,50,ING,"Inglewood Monstars","TBP @ ING"
808,58,855,28,TAI,"Taipei Typhoons",841,14,ITA,"Italy EBC","TAI @ ITA"
809,58,854,21,SUM,"Sumter Trash",842,39,MHA,"Maryhill Alumni","SUM @ MHA"
810,58,853,20,SVF,"Sugar Valley Firebirds",843,54,KAR,"Karolina Kaos","SVF @ KAR"
811,58,859,63,WDY,"Woodlynne Rats",849,30,PRO,"Providence Sea Bass","WDY @ PRO"
812,58,850,19,RIC,"Richfield Oracles",851,66,ROC,"Rockford Villains","RIC @ ROC"
